﻿"Data Source","World Development Indicators",

"Last Updated Date","2018-05-21",

"Country Name","Country Code","Indicator Name","Indicator Code","1960","1961","1962","1963","1964","1965","1966","1967","1968","1969","1970","1971","1972","1973","1974","1975","1976","1977","1978","1979","1980","1981","1982","1983","1984","1985","1986","1987","1988","1989","1990","1991","1992","1993","1994","1995","1996","1997","1998","1999","2000","2001","2002","2003","2004","2005","2006","2007","2008","2009","2010","2011","2012","2013","2014","2015","2016","2017",
"Aruba","ABW","Annualized average growth rate in per capita real survey mean consumption or income, bottom 40% of population (%)","SI.SPR.PC40.ZG","","","","","","","","","","","","","","","","","","","","","","","","","","","","","","","","","","","","","","","","","","","","","","","","","","","","","","","","","","",
"Afghanistan","AFG","Annualized average growth rate in per capita real survey mean consumption or income, bottom 40% of population (%)","SI.SPR.PC40.ZG","","","","","","","","","","","","","","","","","","","","","","","","","","","","","","","","","","","","","","","","","","","","","","","","","","","","","","","","","","",
"Angola","AGO","Annualized average growth rate in per capita real survey mean consumption or income, bottom 40% of population (%)","SI.SPR.PC40.ZG","","","","","","","","","","","","","","","","","","","","","","","","","","","","","","","","","","","","","","","","","","","","","","","","","","","","","","","","","","",
"Albania","ALB","Annualized average growth rate in per capita real survey mean consumption or income, bottom 40% of population (%)","SI.SPR.PC40.ZG","","","","","","","","","","","","","","","","","","","","","","","","","","","","","","","","","","","","","","","","","","","","","","","","","","","","","-1.22","","","","","",
"Andorra","AND","Annualized average growth rate in per capita real survey mean consumption or income, bottom 40% of population (%)","SI.SPR.PC40.ZG","","","","","","","","","","","","","","","","","","","","","","","","","","","","","","","","","","","","","","","","","","","","","","","","","","","","","","","","","","",
"Arab World","ARB","Annualized average growth rate in per capita real survey mean consumption or income, bottom 40% of population (%)","SI.SPR.PC40.ZG","","","","","","","","","","","","","","","","","","","","","","","","","","","","","","","","","","","","","","","","","","","","","","","","","","","","","","","","","","",
"United Arab Emirates","ARE","Annualized average growth rate in per capita real survey mean consumption or income, bottom 40% of population (%)","SI.SPR.PC40.ZG","","","","","","","","","","","","","","","","","","","","","","","","","","","","","","","","","","","","","","","","","","","","","","","","","","","","","","","","","","",
"Argentina","ARG","Annualized average growth rate in per capita real survey mean consumption or income, bottom 40% of population (%)","SI.SPR.PC40.ZG","","","","","","","","","","","","","","","","","","","","","","","","","","","","","","","","","","","","","","","","","","","","","","","","","","","","","","","","","0.15","",
"Armenia","ARM","Annualized average growth rate in per capita real survey mean consumption or income, bottom 40% of population (%)","SI.SPR.PC40.ZG","","","","","","","","","","","","","","","","","","","","","","","","","","","","","","","","","","","","","","","","","","","","","","","","","","","","","","","","","2.25","",
"American Samoa","ASM","Annualized average growth rate in per capita real survey mean consumption or income, bottom 40% of population (%)","SI.SPR.PC40.ZG","","","","","","","","","","","","","","","","","","","","","","","","","","","","","","","","","","","","","","","","","","","","","","","","","","","","","","","","","","",
"Antigua and Barbuda","ATG","Annualized average growth rate in per capita real survey mean consumption or income, bottom 40% of population (%)","SI.SPR.PC40.ZG","","","","","","","","","","","","","","","","","","","","","","","","","","","","","","","","","","","","","","","","","","","","","","","","","","","","","","","","","","",
"Australia","AUS","Annualized average growth rate in per capita real survey mean consumption or income, bottom 40% of population (%)","SI.SPR.PC40.ZG","","","","","","","","","","","","","","","","","","","","","","","","","","","","","","","","","","","","","","","","","","","","","","","","","","","","","","","","","","",
"Austria","AUT","Annualized average growth rate in per capita real survey mean consumption or income, bottom 40% of population (%)","SI.SPR.PC40.ZG","","","","","","","","","","","","","","","","","","","","","","","","","","","","","","","","","","","","","","","","","","","","","","","","","","","","","","","","-0.47","","",
"Azerbaijan","AZE","Annualized average growth rate in per capita real survey mean consumption or income, bottom 40% of population (%)","SI.SPR.PC40.ZG","","","","","","","","","","","","","","","","","","","","","","","","","","","","","","","","","","","","","","","","","","","","","","","","","","","","","","","","","","",
"Burundi","BDI","Annualized average growth rate in per capita real survey mean consumption or income, bottom 40% of population (%)","SI.SPR.PC40.ZG","","","","","","","","","","","","","","","","","","","","","","","","","","","","","","","","","","","","","","","","","","","","","","","","","","","","","","","","","","",
"Belgium","BEL","Annualized average growth rate in per capita real survey mean consumption or income, bottom 40% of population (%)","SI.SPR.PC40.ZG","","","","","","","","","","","","","","","","","","","","","","","","","","","","","","","","","","","","","","","","","","","","","","","","","","","","","","","","0.57","","",
"Benin","BEN","Annualized average growth rate in per capita real survey mean consumption or income, bottom 40% of population (%)","SI.SPR.PC40.ZG","","","","","","","","","","","","","","","","","","","","","","","","","","","","","","","","","","","","","","","","","","","","","","","","","","","","","","","","-4.8","","",
"Burkina Faso","BFA","Annualized average growth rate in per capita real survey mean consumption or income, bottom 40% of population (%)","SI.SPR.PC40.ZG","","","","","","","","","","","","","","","","","","","","","","","","","","","","","","","","","","","","","","","","","","","","","","","","","","","","","","","5.84","","","",
"Bangladesh","BGD","Annualized average growth rate in per capita real survey mean consumption or income, bottom 40% of population (%)","SI.SPR.PC40.ZG","","","","","","","","","","","","","","","","","","","","","","","","","","","","","","","","","","","","","","","","","","","","","","","","","","","","","","","","","1.35","",
"Bulgaria","BGR","Annualized average growth rate in per capita real survey mean consumption or income, bottom 40% of population (%)","SI.SPR.PC40.ZG","","","","","","","","","","","","","","","","","","","","","","","","","","","","","","","","","","","","","","","","","","","","","","","","","","","","","","","0.43","","","",
"Bahrain","BHR","Annualized average growth rate in per capita real survey mean consumption or income, bottom 40% of population (%)","SI.SPR.PC40.ZG","","","","","","","","","","","","","","","","","","","","","","","","","","","","","","","","","","","","","","","","","","","","","","","","","","","","","","","","","","",
"Bahamas, The","BHS","Annualized average growth rate in per capita real survey mean consumption or income, bottom 40% of population (%)","SI.SPR.PC40.ZG","","","","","","","","","","","","","","","","","","","","","","","","","","","","","","","","","","","","","","","","","","","","","","","","","","","","","","","","","","",
"Bosnia and Herzegovina","BIH","Annualized average growth rate in per capita real survey mean consumption or income, bottom 40% of population (%)","SI.SPR.PC40.ZG","","","","","","","","","","","","","","","","","","","","","","","","","","","","","","","","","","","","","","","","","","","","","","","","","","","","","","","","-0.45","","",
"Belarus","BLR","Annualized average growth rate in per capita real survey mean consumption or income, bottom 40% of population (%)","SI.SPR.PC40.ZG","","","","","","","","","","","","","","","","","","","","","","","","","","","","","","","","","","","","","","","","","","","","","","","","","","","","","","","","","4.06","",
"Belize","BLZ","Annualized average growth rate in per capita real survey mean consumption or income, bottom 40% of population (%)","SI.SPR.PC40.ZG","","","","","","","","","","","","","","","","","","","","","","","","","","","","","","","","","","","","","","","","","","","","","","","","","","","","","","","","","","",
"Bermuda","BMU","Annualized average growth rate in per capita real survey mean consumption or income, bottom 40% of population (%)","SI.SPR.PC40.ZG","","","","","","","","","","","","","","","","","","","","","","","","","","","","","","","","","","","","","","","","","","","","","","","","","","","","","","","","","","",
"Bolivia","BOL","Annualized average growth rate in per capita real survey mean consumption or income, bottom 40% of population (%)","SI.SPR.PC40.ZG","","","","","","","","","","","","","","","","","","","","","","","","","","","","","","","","","","","","","","","","","","","","","","","","","","","","","","","","","1.67","",
"Brazil","BRA","Annualized average growth rate in per capita real survey mean consumption or income, bottom 40% of population (%)","SI.SPR.PC40.ZG","","","","","","","","","","","","","","","","","","","","","","","","","","","","","","","","","","","","","","","","","","","","","","","","","","","","","","","","3.8","","",
"Barbados","BRB","Annualized average growth rate in per capita real survey mean consumption or income, bottom 40% of population (%)","SI.SPR.PC40.ZG","","","","","","","","","","","","","","","","","","","","","","","","","","","","","","","","","","","","","","","","","","","","","","","","","","","","","","","","","","",
"Brunei Darussalam","BRN","Annualized average growth rate in per capita real survey mean consumption or income, bottom 40% of population (%)","SI.SPR.PC40.ZG","","","","","","","","","","","","","","","","","","","","","","","","","","","","","","","","","","","","","","","","","","","","","","","","","","","","","","","","","","",
"Bhutan","BTN","Annualized average growth rate in per capita real survey mean consumption or income, bottom 40% of population (%)","SI.SPR.PC40.ZG","","","","","","","","","","","","","","","","","","","","","","","","","","","","","","","","","","","","","","","","","","","","","","","","","","","","","","","","","","",
"Botswana","BWA","Annualized average growth rate in per capita real survey mean consumption or income, bottom 40% of population (%)","SI.SPR.PC40.ZG","","","","","","","","","","","","","","","","","","","","","","","","","","","","","","","","","","","","","","","","","","","","","","","","","","","","","","","","","","",
"Central African Republic","CAF","Annualized average growth rate in per capita real survey mean consumption or income, bottom 40% of population (%)","SI.SPR.PC40.ZG","","","","","","","","","","","","","","","","","","","","","","","","","","","","","","","","","","","","","","","","","","","","","","","","","","","","","","","","","","",
"Canada","CAN","Annualized average growth rate in per capita real survey mean consumption or income, bottom 40% of population (%)","SI.SPR.PC40.ZG","","","","","","","","","","","","","","","","","","","","","","","","","","","","","","","","","","","","","","","","","","","","","","","","","","","","","","","","","","",
"Central Europe and the Baltics","CEB","Annualized average growth rate in per capita real survey mean consumption or income, bottom 40% of population (%)","SI.SPR.PC40.ZG","","","","","","","","","","","","","","","","","","","","","","","","","","","","","","","","","","","","","","","","","","","","","","","","","","","","","","","","","","",
"Switzerland","CHE","Annualized average growth rate in per capita real survey mean consumption or income, bottom 40% of population (%)","SI.SPR.PC40.ZG","","","","","","","","","","","","","","","","","","","","","","","","","","","","","","","","","","","","","","","","","","","","","","","","","","","","","","","1.22","","","",
"Channel Islands","CHI","Annualized average growth rate in per capita real survey mean consumption or income, bottom 40% of population (%)","SI.SPR.PC40.ZG","","","","","","","","","","","","","","","","","","","","","","","","","","","","","","","","","","","","","","","","","","","","","","","","","","","","","","","","","","",
"Chile","CHL","Annualized average growth rate in per capita real survey mean consumption or income, bottom 40% of population (%)","SI.SPR.PC40.ZG","","","","","","","","","","","","","","","","","","","","","","","","","","","","","","","","","","","","","","","","","","","","","","","","","","","","","","","","5.97","","",
"China","CHN","Annualized average growth rate in per capita real survey mean consumption or income, bottom 40% of population (%)","SI.SPR.PC40.ZG","","","","","","","","","","","","","","","","","","","","","","","","","","","","","","","","","","","","","","","","","","","","","","","","","","","","","8.87","","","","","",
"Cote d'Ivoire","CIV","Annualized average growth rate in per capita real survey mean consumption or income, bottom 40% of population (%)","SI.SPR.PC40.ZG","","","","","","","","","","","","","","","","","","","","","","","","","","","","","","","","","","","","","","","","","","","","","","","","","","","","","","","","0.74","","",
"Cameroon","CMR","Annualized average growth rate in per capita real survey mean consumption or income, bottom 40% of population (%)","SI.SPR.PC40.ZG","","","","","","","","","","","","","","","","","","","","","","","","","","","","","","","","","","","","","","","","","","","","","","","","","","","","","","","","","","",
"Congo, Dem. Rep.","COD","Annualized average growth rate in per capita real survey mean consumption or income, bottom 40% of population (%)","SI.SPR.PC40.ZG","","","","","","","","","","","","","","","","","","","","","","","","","","","","","","","","","","","","","","","","","","","","","","","","","","","","","","","","","","",
"Congo, Rep.","COG","Annualized average growth rate in per capita real survey mean consumption or income, bottom 40% of population (%)","SI.SPR.PC40.ZG","","","","","","","","","","","","","","","","","","","","","","","","","","","","","","","","","","","","","","","","","","","","","","","","","","","","","","","","","","",
"Colombia","COL","Annualized average growth rate in per capita real survey mean consumption or income, bottom 40% of population (%)","SI.SPR.PC40.ZG","","","","","","","","","","","","","","","","","","","","","","","","","","","","","","","","","","","","","","","","","","","","","","","","","","","","","","","","","3.49","",
"Comoros","COM","Annualized average growth rate in per capita real survey mean consumption or income, bottom 40% of population (%)","SI.SPR.PC40.ZG","","","","","","","","","","","","","","","","","","","","","","","","","","","","","","","","","","","","","","","","","","","","","","","","","","","","","","","","","","",
"Cabo Verde","CPV","Annualized average growth rate in per capita real survey mean consumption or income, bottom 40% of population (%)","SI.SPR.PC40.ZG","","","","","","","","","","","","","","","","","","","","","","","","","","","","","","","","","","","","","","","","","","","","","","","","","","","","","","","","","","",
"Costa Rica","CRI","Annualized average growth rate in per capita real survey mean consumption or income, bottom 40% of population (%)","SI.SPR.PC40.ZG","","","","","","","","","","","","","","","","","","","","","","","","","","","","","","","","","","","","","","","","","","","","","","","","","","","","","","","","","2","",
"Caribbean small states","CSS","Annualized average growth rate in per capita real survey mean consumption or income, bottom 40% of population (%)","SI.SPR.PC40.ZG","","","","","","","","","","","","","","","","","","","","","","","","","","","","","","","","","","","","","","","","","","","","","","","","","","","","","","","","","","",
"Cuba","CUB","Annualized average growth rate in per capita real survey mean consumption or income, bottom 40% of population (%)","SI.SPR.PC40.ZG","","","","","","","","","","","","","","","","","","","","","","","","","","","","","","","","","","","","","","","","","","","","","","","","","","","","","","","","","","",
"Curacao","CUW","Annualized average growth rate in per capita real survey mean consumption or income, bottom 40% of population (%)","SI.SPR.PC40.ZG","","","","","","","","","","","","","","","","","","","","","","","","","","","","","","","","","","","","","","","","","","","","","","","","","","","","","","","","","","",
"Cayman Islands","CYM","Annualized average growth rate in per capita real survey mean consumption or income, bottom 40% of population (%)","SI.SPR.PC40.ZG","","","","","","","","","","","","","","","","","","","","","","","","","","","","","","","","","","","","","","","","","","","","","","","","","","","","","","","","","","",
"Cyprus","CYP","Annualized average growth rate in per capita real survey mean consumption or income, bottom 40% of population (%)","SI.SPR.PC40.ZG","","","","","","","","","","","","","","","","","","","","","","","","","","","","","","","","","","","","","","","","","","","","","","","","","","","","","","","","-4.34","","",
"Czech Republic","CZE","Annualized average growth rate in per capita real survey mean consumption or income, bottom 40% of population (%)","SI.SPR.PC40.ZG","","","","","","","","","","","","","","","","","","","","","","","","","","","","","","","","","","","","","","","","","","","","","","","","","","","","","","","","1.42","","",
"Germany","DEU","Annualized average growth rate in per capita real survey mean consumption or income, bottom 40% of population (%)","SI.SPR.PC40.ZG","","","","","","","","","","","","","","","","","","","","","","","","","","","","","","","","","","","","","","","","","","","","","","","","","","","","0.82","","","","","","",
"Djibouti","DJI","Annualized average growth rate in per capita real survey mean consumption or income, bottom 40% of population (%)","SI.SPR.PC40.ZG","","","","","","","","","","","","","","","","","","","","","","","","","","","","","","","","","","","","","","","","","","","","","","","","","","","","","","","","","","",
"Dominica","DMA","Annualized average growth rate in per capita real survey mean consumption or income, bottom 40% of population (%)","SI.SPR.PC40.ZG","","","","","","","","","","","","","","","","","","","","","","","","","","","","","","","","","","","","","","","","","","","","","","","","","","","","","","","","","","",
"Denmark","DNK","Annualized average growth rate in per capita real survey mean consumption or income, bottom 40% of population (%)","SI.SPR.PC40.ZG","","","","","","","","","","","","","","","","","","","","","","","","","","","","","","","","","","","","","","","","","","","","","","","","","","","","","","","","0.57","","",
"Dominican Republic","DOM","Annualized average growth rate in per capita real survey mean consumption or income, bottom 40% of population (%)","SI.SPR.PC40.ZG","","","","","","","","","","","","","","","","","","","","","","","","","","","","","","","","","","","","","","","","","","","","","","","","","","","","","","","","","4.46","",
"Algeria","DZA","Annualized average growth rate in per capita real survey mean consumption or income, bottom 40% of population (%)","SI.SPR.PC40.ZG","","","","","","","","","","","","","","","","","","","","","","","","","","","","","","","","","","","","","","","","","","","","","","","","","","","","","","","","","","",
"East Asia & Pacific (excluding high income)","EAP","Annualized average growth rate in per capita real survey mean consumption or income, bottom 40% of population (%)","SI.SPR.PC40.ZG","","","","","","","","","","","","","","","","","","","","","","","","","","","","","","","","","","","","","","","","","","","","","","","","","","","","","","","","","","",
"Early-demographic dividend","EAR","Annualized average growth rate in per capita real survey mean consumption or income, bottom 40% of population (%)","SI.SPR.PC40.ZG","","","","","","","","","","","","","","","","","","","","","","","","","","","","","","","","","","","","","","","","","","","","","","","","","","","","","","","","","","",
"East Asia & Pacific","EAS","Annualized average growth rate in per capita real survey mean consumption or income, bottom 40% of population (%)","SI.SPR.PC40.ZG","","","","","","","","","","","","","","","","","","","","","","","","","","","","","","","","","","","","","","","","","","","","","","","","","","","","","","","","","","",
"Europe & Central Asia (excluding high income)","ECA","Annualized average growth rate in per capita real survey mean consumption or income, bottom 40% of population (%)","SI.SPR.PC40.ZG","","","","","","","","","","","","","","","","","","","","","","","","","","","","","","","","","","","","","","","","","","","","","","","","","","","","","","","","","","",
"Europe & Central Asia","ECS","Annualized average growth rate in per capita real survey mean consumption or income, bottom 40% of population (%)","SI.SPR.PC40.ZG","","","","","","","","","","","","","","","","","","","","","","","","","","","","","","","","","","","","","","","","","","","","","","","","","","","","","","","","","","",
"Ecuador","ECU","Annualized average growth rate in per capita real survey mean consumption or income, bottom 40% of population (%)","SI.SPR.PC40.ZG","","","","","","","","","","","","","","","","","","","","","","","","","","","","","","","","","","","","","","","","","","","","","","","","","","","","","","","","","2.95","",
"Egypt, Arab Rep.","EGY","Annualized average growth rate in per capita real survey mean consumption or income, bottom 40% of population (%)","SI.SPR.PC40.ZG","","","","","","","","","","","","","","","","","","","","","","","","","","","","","","","","","","","","","","","","","","","","","","","","","","","","","2.58","","","","","",
"Euro area","EMU","Annualized average growth rate in per capita real survey mean consumption or income, bottom 40% of population (%)","SI.SPR.PC40.ZG","","","","","","","","","","","","","","","","","","","","","","","","","","","","","","","","","","","","","","","","","","","","","","","","","","","","","","","","","","",
"Eritrea","ERI","Annualized average growth rate in per capita real survey mean consumption or income, bottom 40% of population (%)","SI.SPR.PC40.ZG","","","","","","","","","","","","","","","","","","","","","","","","","","","","","","","","","","","","","","","","","","","","","","","","","","","","","","","","","","",
"Spain","ESP","Annualized average growth rate in per capita real survey mean consumption or income, bottom 40% of population (%)","SI.SPR.PC40.ZG","","","","","","","","","","","","","","","","","","","","","","","","","","","","","","","","","","","","","","","","","","","","","","","","","","","","","","","","-2.16","","",
"Estonia","EST","Annualized average growth rate in per capita real survey mean consumption or income, bottom 40% of population (%)","SI.SPR.PC40.ZG","","","","","","","","","","","","","","","","","","","","","","","","","","","","","","","","","","","","","","","","","","","","","","","","","","","","","","","","6.15","","",
"Ethiopia","ETH","Annualized average growth rate in per capita real survey mean consumption or income, bottom 40% of population (%)","SI.SPR.PC40.ZG","","","","","","","","","","","","","","","","","","","","","","","","","","","","","","","","","","","","","","","","","","","","","","","","","","","","","","","","1.67","","",
"European Union","EUU","Annualized average growth rate in per capita real survey mean consumption or income, bottom 40% of population (%)","SI.SPR.PC40.ZG","","","","","","","","","","","","","","","","","","","","","","","","","","","","","","","","","","","","","","","","","","","","","","","","","","","","","","","","","","",
"Fragile and conflict affected situations","FCS","Annualized average growth rate in per capita real survey mean consumption or income, bottom 40% of population (%)","SI.SPR.PC40.ZG","","","","","","","","","","","","","","","","","","","","","","","","","","","","","","","","","","","","","","","","","","","","","","","","","","","","","","","","","","",
"Finland","FIN","Annualized average growth rate in per capita real survey mean consumption or income, bottom 40% of population (%)","SI.SPR.PC40.ZG","","","","","","","","","","","","","","","","","","","","","","","","","","","","","","","","","","","","","","","","","","","","","","","","","","","","","","","","0.53","","",
"Fiji","FJI","Annualized average growth rate in per capita real survey mean consumption or income, bottom 40% of population (%)","SI.SPR.PC40.ZG","","","","","","","","","","","","","","","","","","","","","","","","","","","","","","","","","","","","","","","","","","","","","","","","","","","","","","1","","","","",
"France","FRA","Annualized average growth rate in per capita real survey mean consumption or income, bottom 40% of population (%)","SI.SPR.PC40.ZG","","","","","","","","","","","","","","","","","","","","","","","","","","","","","","","","","","","","","","","","","","","","","","","","","","","","","","","","0.74","","",
"Faroe Islands","FRO","Annualized average growth rate in per capita real survey mean consumption or income, bottom 40% of population (%)","SI.SPR.PC40.ZG","","","","","","","","","","","","","","","","","","","","","","","","","","","","","","","","","","","","","","","","","","","","","","","","","","","","","","","","","","",
"Micronesia, Fed. Sts.","FSM","Annualized average growth rate in per capita real survey mean consumption or income, bottom 40% of population (%)","SI.SPR.PC40.ZG","","","","","","","","","","","","","","","","","","","","","","","","","","","","","","","","","","","","","","","","","","","","","","","","","","","","","","","","","","",
"Gabon","GAB","Annualized average growth rate in per capita real survey mean consumption or income, bottom 40% of population (%)","SI.SPR.PC40.ZG","","","","","","","","","","","","","","","","","","","","","","","","","","","","","","","","","","","","","","","","","","","","","","","","","","","","","","","","","","",
"United Kingdom","GBR","Annualized average growth rate in per capita real survey mean consumption or income, bottom 40% of population (%)","SI.SPR.PC40.ZG","","","","","","","","","","","","","","","","","","","","","","","","","","","","","","","","","","","","","","","","","","","","","","","","","","","","","","","","0.26","","",
"Georgia","GEO","Annualized average growth rate in per capita real survey mean consumption or income, bottom 40% of population (%)","SI.SPR.PC40.ZG","","","","","","","","","","","","","","","","","","","","","","","","","","","","","","","","","","","","","","","","","","","","","","","","","","","","","","","","","6.44","",
"Ghana","GHA","Annualized average growth rate in per capita real survey mean consumption or income, bottom 40% of population (%)","SI.SPR.PC40.ZG","","","","","","","","","","","","","","","","","","","","","","","","","","","","","","","","","","","","","","","","","","","","","","","","","","","","","","","","","","",
"Gibraltar","GIB","Annualized average growth rate in per capita real survey mean consumption or income, bottom 40% of population (%)","SI.SPR.PC40.ZG","","","","","","","","","","","","","","","","","","","","","","","","","","","","","","","","","","","","","","","","","","","","","","","","","","","","","","","","","","",
"Guinea","GIN","Annualized average growth rate in per capita real survey mean consumption or income, bottom 40% of population (%)","SI.SPR.PC40.ZG","","","","","","","","","","","","","","","","","","","","","","","","","","","","","","","","","","","","","","","","","","","","","","","","","","","","","","","","","","",
"Gambia, The","GMB","Annualized average growth rate in per capita real survey mean consumption or income, bottom 40% of population (%)","SI.SPR.PC40.ZG","","","","","","","","","","","","","","","","","","","","","","","","","","","","","","","","","","","","","","","","","","","","","","","","","","","","","","","","4.63","","",
"Guinea-Bissau","GNB","Annualized average growth rate in per capita real survey mean consumption or income, bottom 40% of population (%)","SI.SPR.PC40.ZG","","","","","","","","","","","","","","","","","","","","","","","","","","","","","","","","","","","","","","","","","","","","","","","","","","","","","","","","","","",
"Equatorial Guinea","GNQ","Annualized average growth rate in per capita real survey mean consumption or income, bottom 40% of population (%)","SI.SPR.PC40.ZG","","","","","","","","","","","","","","","","","","","","","","","","","","","","","","","","","","","","","","","","","","","","","","","","","","","","","","","","","","",
"Greece","GRC","Annualized average growth rate in per capita real survey mean consumption or income, bottom 40% of population (%)","SI.SPR.PC40.ZG","","","","","","","","","","","","","","","","","","","","","","","","","","","","","","","","","","","","","","","","","","","","","","","","","","","","","","","","-8.35","","",
"Grenada","GRD","Annualized average growth rate in per capita real survey mean consumption or income, bottom 40% of population (%)","SI.SPR.PC40.ZG","","","","","","","","","","","","","","","","","","","","","","","","","","","","","","","","","","","","","","","","","","","","","","","","","","","","","","","","","","",
"Greenland","GRL","Annualized average growth rate in per capita real survey mean consumption or income, bottom 40% of population (%)","SI.SPR.PC40.ZG","","","","","","","","","","","","","","","","","","","","","","","","","","","","","","","","","","","","","","","","","","","","","","","","","","","","","","","","","","",
"Guatemala","GTM","Annualized average growth rate in per capita real survey mean consumption or income, bottom 40% of population (%)","SI.SPR.PC40.ZG","","","","","","","","","","","","","","","","","","","","","","","","","","","","","","","","","","","","","","","","","","","","","","","","","","","","","","","","","","",
"Guam","GUM","Annualized average growth rate in per capita real survey mean consumption or income, bottom 40% of population (%)","SI.SPR.PC40.ZG","","","","","","","","","","","","","","","","","","","","","","","","","","","","","","","","","","","","","","","","","","","","","","","","","","","","","","","","","","",
"Guyana","GUY","Annualized average growth rate in per capita real survey mean consumption or income, bottom 40% of population (%)","SI.SPR.PC40.ZG","","","","","","","","","","","","","","","","","","","","","","","","","","","","","","","","","","","","","","","","","","","","","","","","","","","","","","","","","","",
"High income","HIC","Annualized average growth rate in per capita real survey mean consumption or income, bottom 40% of population (%)","SI.SPR.PC40.ZG","","","","","","","","","","","","","","","","","","","","","","","","","","","","","","","","","","","","","","","","","","","","","","","","","","","","","","","","","","",
"Hong Kong SAR, China","HKG","Annualized average growth rate in per capita real survey mean consumption or income, bottom 40% of population (%)","SI.SPR.PC40.ZG","","","","","","","","","","","","","","","","","","","","","","","","","","","","","","","","","","","","","","","","","","","","","","","","","","","","","","","","","","",
"Honduras","HND","Annualized average growth rate in per capita real survey mean consumption or income, bottom 40% of population (%)","SI.SPR.PC40.ZG","","","","","","","","","","","","","","","","","","","","","","","","","","","","","","","","","","","","","","","","","","","","","","","","","","","","","","","","","1.17","",
"Heavily indebted poor countries (HIPC)","HPC","Annualized average growth rate in per capita real survey mean consumption or income, bottom 40% of population (%)","SI.SPR.PC40.ZG","","","","","","","","","","","","","","","","","","","","","","","","","","","","","","","","","","","","","","","","","","","","","","","","","","","","","","","","","","",
"Croatia","HRV","Annualized average growth rate in per capita real survey mean consumption or income, bottom 40% of population (%)","SI.SPR.PC40.ZG","","","","","","","","","","","","","","","","","","","","","","","","","","","","","","","","","","","","","","","","","","","","","","","","","","","","","","","","0.02","","",
"Haiti","HTI","Annualized average growth rate in per capita real survey mean consumption or income, bottom 40% of population (%)","SI.SPR.PC40.ZG","","","","","","","","","","","","","","","","","","","","","","","","","","","","","","","","","","","","","","","","","","","","","","","","","","","","","","","","","","",
"Hungary","HUN","Annualized average growth rate in per capita real survey mean consumption or income, bottom 40% of population (%)","SI.SPR.PC40.ZG","","","","","","","","","","","","","","","","","","","","","","","","","","","","","","","","","","","","","","","","","","","","","","","","","","","","","","","","1.19","","",
"IBRD only","IBD","Annualized average growth rate in per capita real survey mean consumption or income, bottom 40% of population (%)","SI.SPR.PC40.ZG","","","","","","","","","","","","","","","","","","","","","","","","","","","","","","","","","","","","","","","","","","","","","","","","","","","","","","","","","","",
"IDA & IBRD total","IBT","Annualized average growth rate in per capita real survey mean consumption or income, bottom 40% of population (%)","SI.SPR.PC40.ZG","","","","","","","","","","","","","","","","","","","","","","","","","","","","","","","","","","","","","","","","","","","","","","","","","","","","","","","","","","",
"IDA total","IDA","Annualized average growth rate in per capita real survey mean consumption or income, bottom 40% of population (%)","SI.SPR.PC40.ZG","","","","","","","","","","","","","","","","","","","","","","","","","","","","","","","","","","","","","","","","","","","","","","","","","","","","","","","","","","",
"IDA blend","IDB","Annualized average growth rate in per capita real survey mean consumption or income, bottom 40% of population (%)","SI.SPR.PC40.ZG","","","","","","","","","","","","","","","","","","","","","","","","","","","","","","","","","","","","","","","","","","","","","","","","","","","","","","","","","","",
"Indonesia","IDN","Annualized average growth rate in per capita real survey mean consumption or income, bottom 40% of population (%)","SI.SPR.PC40.ZG","","","","","","","","","","","","","","","","","","","","","","","","","","","","","","","","","","","","","","","","","","","","","","","","","","","","","","","4.05","","","",
"IDA only","IDX","Annualized average growth rate in per capita real survey mean consumption or income, bottom 40% of population (%)","SI.SPR.PC40.ZG","","","","","","","","","","","","","","","","","","","","","","","","","","","","","","","","","","","","","","","","","","","","","","","","","","","","","","","","","","",
"Isle of Man","IMN","Annualized average growth rate in per capita real survey mean consumption or income, bottom 40% of population (%)","SI.SPR.PC40.ZG","","","","","","","","","","","","","","","","","","","","","","","","","","","","","","","","","","","","","","","","","","","","","","","","","","","","","","","","","","",
"India","IND","Annualized average growth rate in per capita real survey mean consumption or income, bottom 40% of population (%)","SI.SPR.PC40.ZG","","","","","","","","","","","","","","","","","","","","","","","","","","","","","","","","","","","","","","","","","","","","","","","","","","","","","","","","","","",
"Not classified","INX","Annualized average growth rate in per capita real survey mean consumption or income, bottom 40% of population (%)","SI.SPR.PC40.ZG","","","","","","","","","","","","","","","","","","","","","","","","","","","","","","","","","","","","","","","","","","","","","","","","","","","","","","","","","","",
"Ireland","IRL","Annualized average growth rate in per capita real survey mean consumption or income, bottom 40% of population (%)","SI.SPR.PC40.ZG","","","","","","","","","","","","","","","","","","","","","","","","","","","","","","","","","","","","","","","","","","","","","","","","","","","","","","","0.24","","","",
"Iran, Islamic Rep.","IRN","Annualized average growth rate in per capita real survey mean consumption or income, bottom 40% of population (%)","SI.SPR.PC40.ZG","","","","","","","","","","","","","","","","","","","","","","","","","","","","","","","","","","","","","","","","","","","","","","","","","","","","","","","1.26","","","",
"Iraq","IRQ","Annualized average growth rate in per capita real survey mean consumption or income, bottom 40% of population (%)","SI.SPR.PC40.ZG","","","","","","","","","","","","","","","","","","","","","","","","","","","","","","","","","","","","","","","","","","","","","","","","","","","","","","","","","","",
"Iceland","ISL","Annualized average growth rate in per capita real survey mean consumption or income, bottom 40% of population (%)","SI.SPR.PC40.ZG","","","","","","","","","","","","","","","","","","","","","","","","","","","","","","","","","","","","","","","","","","","","","","","","","","","","","","","-1.33","","","",
"Israel","ISR","Annualized average growth rate in per capita real survey mean consumption or income, bottom 40% of population (%)","SI.SPR.PC40.ZG","","","","","","","","","","","","","","","","","","","","","","","","","","","","","","","","","","","","","","","","","","","","","","","","","","","","","","","","","","",
"Italy","ITA","Annualized average growth rate in per capita real survey mean consumption or income, bottom 40% of population (%)","SI.SPR.PC40.ZG","","","","","","","","","","","","","","","","","","","","","","","","","","","","","","","","","","","","","","","","","","","","","","","","","","","","","","","-2.6","","","",
"Jamaica","JAM","Annualized average growth rate in per capita real survey mean consumption or income, bottom 40% of population (%)","SI.SPR.PC40.ZG","","","","","","","","","","","","","","","","","","","","","","","","","","","","","","","","","","","","","","","","","","","","","","","","","","","","","","","","","","",
"Jordan","JOR","Annualized average growth rate in per capita real survey mean consumption or income, bottom 40% of population (%)","SI.SPR.PC40.ZG","","","","","","","","","","","","","","","","","","","","","","","","","","","","","","","","","","","","","","","","","","","","","","","","","","","4.46","","","","","","","",
"Japan","JPN","Annualized average growth rate in per capita real survey mean consumption or income, bottom 40% of population (%)","SI.SPR.PC40.ZG","","","","","","","","","","","","","","","","","","","","","","","","","","","","","","","","","","","","","","","","","","","","","","","","","","","","","","","","","","",
"Kazakhstan","KAZ","Annualized average growth rate in per capita real survey mean consumption or income, bottom 40% of population (%)","SI.SPR.PC40.ZG","","","","","","","","","","","","","","","","","","","","","","","","","","","","","","","","","","","","","","","","","","","","","","","","","","","","","","","","4.09","","",
"Kenya","KEN","Annualized average growth rate in per capita real survey mean consumption or income, bottom 40% of population (%)","SI.SPR.PC40.ZG","","","","","","","","","","","","","","","","","","","","","","","","","","","","","","","","","","","","","","","","","","","","","","","","","","","","","","","","","","",
"Kyrgyz Republic","KGZ","Annualized average growth rate in per capita real survey mean consumption or income, bottom 40% of population (%)","SI.SPR.PC40.ZG","","","","","","","","","","","","","","","","","","","","","","","","","","","","","","","","","","","","","","","","","","","","","","","","","","","","","","","","","0.59","",
"Cambodia","KHM","Annualized average growth rate in per capita real survey mean consumption or income, bottom 40% of population (%)","SI.SPR.PC40.ZG","","","","","","","","","","","","","","","","","","","","","","","","","","","","","","","","","","","","","","","","","","","","","","","","","","","","","","","","","","",
"Kiribati","KIR","Annualized average growth rate in per capita real survey mean consumption or income, bottom 40% of population (%)","SI.SPR.PC40.ZG","","","","","","","","","","","","","","","","","","","","","","","","","","","","","","","","","","","","","","","","","","","","","","","","","","","","","","","","","","",
"St. Kitts and Nevis","KNA","Annualized average growth rate in per capita real survey mean consumption or income, bottom 40% of population (%)","SI.SPR.PC40.ZG","","","","","","","","","","","","","","","","","","","","","","","","","","","","","","","","","","","","","","","","","","","","","","","","","","","","","","","","","","",
"Korea, Rep.","KOR","Annualized average growth rate in per capita real survey mean consumption or income, bottom 40% of population (%)","SI.SPR.PC40.ZG","","","","","","","","","","","","","","","","","","","","","","","","","","","","","","","","","","","","","","","","","","","","","","","","","","","","","","","","","","",
"Kuwait","KWT","Annualized average growth rate in per capita real survey mean consumption or income, bottom 40% of population (%)","SI.SPR.PC40.ZG","","","","","","","","","","","","","","","","","","","","","","","","","","","","","","","","","","","","","","","","","","","","","","","","","","","","","","","","","","",
"Latin America & Caribbean (excluding high income)","LAC","Annualized average growth rate in per capita real survey mean consumption or income, bottom 40% of population (%)","SI.SPR.PC40.ZG","","","","","","","","","","","","","","","","","","","","","","","","","","","","","","","","","","","","","","","","","","","","","","","","","","","","","","","","","","",
"Lao PDR","LAO","Annualized average growth rate in per capita real survey mean consumption or income, bottom 40% of population (%)","SI.SPR.PC40.ZG","","","","","","","","","","","","","","","","","","","","","","","","","","","","","","","","","","","","","","","","","","","","","","","","","","","","","","","","","","",
"Lebanon","LBN","Annualized average growth rate in per capita real survey mean consumption or income, bottom 40% of population (%)","SI.SPR.PC40.ZG","","","","","","","","","","","","","","","","","","","","","","","","","","","","","","","","","","","","","","","","","","","","","","","","","","","","","","","","","","",
"Liberia","LBR","Annualized average growth rate in per capita real survey mean consumption or income, bottom 40% of population (%)","SI.SPR.PC40.ZG","","","","","","","","","","","","","","","","","","","","","","","","","","","","","","","","","","","","","","","","","","","","","","","","","","","","","","","","","","",
"Libya","LBY","Annualized average growth rate in per capita real survey mean consumption or income, bottom 40% of population (%)","SI.SPR.PC40.ZG","","","","","","","","","","","","","","","","","","","","","","","","","","","","","","","","","","","","","","","","","","","","","","","","","","","","","","","","","","",
"St. Lucia","LCA","Annualized average growth rate in per capita real survey mean consumption or income, bottom 40% of population (%)","SI.SPR.PC40.ZG","","","","","","","","","","","","","","","","","","","","","","","","","","","","","","","","","","","","","","","","","","","","","","","","","","","","","","","","","","",
"Latin America & Caribbean","LCN","Annualized average growth rate in per capita real survey mean consumption or income, bottom 40% of population (%)","SI.SPR.PC40.ZG","","","","","","","","","","","","","","","","","","","","","","","","","","","","","","","","","","","","","","","","","","","","","","","","","","","","","","","","","","",
"Least developed countries: UN classification","LDC","Annualized average growth rate in per capita real survey mean consumption or income, bottom 40% of population (%)","SI.SPR.PC40.ZG","","","","","","","","","","","","","","","","","","","","","","","","","","","","","","","","","","","","","","","","","","","","","","","","","","","","","","","","","","",
"Low income","LIC","Annualized average growth rate in per capita real survey mean consumption or income, bottom 40% of population (%)","SI.SPR.PC40.ZG","","","","","","","","","","","","","","","","","","","","","","","","","","","","","","","","","","","","","","","","","","","","","","","","","","","","","","","","","","",
"Liechtenstein","LIE","Annualized average growth rate in per capita real survey mean consumption or income, bottom 40% of population (%)","SI.SPR.PC40.ZG","","","","","","","","","","","","","","","","","","","","","","","","","","","","","","","","","","","","","","","","","","","","","","","","","","","","","","","","","","",
"Sri Lanka","LKA","Annualized average growth rate in per capita real survey mean consumption or income, bottom 40% of population (%)","SI.SPR.PC40.ZG","","","","","","","","","","","","","","","","","","","","","","","","","","","","","","","","","","","","","","","","","","","","","","","","","","","","","","","","","4.8","",
"Lower middle income","LMC","Annualized average growth rate in per capita real survey mean consumption or income, bottom 40% of population (%)","SI.SPR.PC40.ZG","","","","","","","","","","","","","","","","","","","","","","","","","","","","","","","","","","","","","","","","","","","","","","","","","","","","","","","","","","",
"Low & middle income","LMY","Annualized average growth rate in per capita real survey mean consumption or income, bottom 40% of population (%)","SI.SPR.PC40.ZG","","","","","","","","","","","","","","","","","","","","","","","","","","","","","","","","","","","","","","","","","","","","","","","","","","","","","","","","","","",
"Lesotho","LSO","Annualized average growth rate in per capita real survey mean consumption or income, bottom 40% of population (%)","SI.SPR.PC40.ZG","","","","","","","","","","","","","","","","","","","","","","","","","","","","","","","","","","","","","","","","","","","","","","","","","","","","","","","","","","",
"Late-demographic dividend","LTE","Annualized average growth rate in per capita real survey mean consumption or income, bottom 40% of population (%)","SI.SPR.PC40.ZG","","","","","","","","","","","","","","","","","","","","","","","","","","","","","","","","","","","","","","","","","","","","","","","","","","","","","","","","","","",
"Lithuania","LTU","Annualized average growth rate in per capita real survey mean consumption or income, bottom 40% of population (%)","SI.SPR.PC40.ZG","","","","","","","","","","","","","","","","","","","","","","","","","","","","","","","","","","","","","","","","","","","","","","","","","","","","","","","","6.65","","",
"Luxembourg","LUX","Annualized average growth rate in per capita real survey mean consumption or income, bottom 40% of population (%)","SI.SPR.PC40.ZG","","","","","","","","","","","","","","","","","","","","","","","","","","","","","","","","","","","","","","","","","","","","","","","","","","","","","","","-0.09","","","",
"Latvia","LVA","Annualized average growth rate in per capita real survey mean consumption or income, bottom 40% of population (%)","SI.SPR.PC40.ZG","","","","","","","","","","","","","","","","","","","","","","","","","","","","","","","","","","","","","","","","","","","","","","","","","","","","","","","","7.52","","",
"Macao SAR, China","MAC","Annualized average growth rate in per capita real survey mean consumption or income, bottom 40% of population (%)","SI.SPR.PC40.ZG","","","","","","","","","","","","","","","","","","","","","","","","","","","","","","","","","","","","","","","","","","","","","","","","","","","","","","","","","","",
"St. Martin (French part)","MAF","Annualized average growth rate in per capita real survey mean consumption or income, bottom 40% of population (%)","SI.SPR.PC40.ZG","","","","","","","","","","","","","","","","","","","","","","","","","","","","","","","","","","","","","","","","","","","","","","","","","","","","","","","","","","",
"Morocco","MAR","Annualized average growth rate in per capita real survey mean consumption or income, bottom 40% of population (%)","SI.SPR.PC40.ZG","","","","","","","","","","","","","","","","","","","","","","","","","","","","","","","","","","","","","","","","","","","","","","","","","","","","","","","","","","",
"Monaco","MCO","Annualized average growth rate in per capita real survey mean consumption or income, bottom 40% of population (%)","SI.SPR.PC40.ZG","","","","","","","","","","","","","","","","","","","","","","","","","","","","","","","","","","","","","","","","","","","","","","","","","","","","","","","","","","",
"Moldova","MDA","Annualized average growth rate in per capita real survey mean consumption or income, bottom 40% of population (%)","SI.SPR.PC40.ZG","","","","","","","","","","","","","","","","","","","","","","","","","","","","","","","","","","","","","","","","","","","","","","","","","","","","","","","","","2.79","",
"Madagascar","MDG","Annualized average growth rate in per capita real survey mean consumption or income, bottom 40% of population (%)","SI.SPR.PC40.ZG","","","","","","","","","","","","","","","","","","","","","","","","","","","","","","","","","","","","","","","","","","","","","","","","","","","","","-2.69","","","","","",
"Maldives","MDV","Annualized average growth rate in per capita real survey mean consumption or income, bottom 40% of population (%)","SI.SPR.PC40.ZG","","","","","","","","","","","","","","","","","","","","","","","","","","","","","","","","","","","","","","","","","","","","","","","","","","","","","","","","","","",
"Middle East & North Africa","MEA","Annualized average growth rate in per capita real survey mean consumption or income, bottom 40% of population (%)","SI.SPR.PC40.ZG","","","","","","","","","","","","","","","","","","","","","","","","","","","","","","","","","","","","","","","","","","","","","","","","","","","","","","","","","","",
"Mexico","MEX","Annualized average growth rate in per capita real survey mean consumption or income, bottom 40% of population (%)","SI.SPR.PC40.ZG","","","","","","","","","","","","","","","","","","","","","","","","","","","","","","","","","","","","","","","","","","","","","","","","","","","","","","","0.51","","","",
"Marshall Islands","MHL","Annualized average growth rate in per capita real survey mean consumption or income, bottom 40% of population (%)","SI.SPR.PC40.ZG","","","","","","","","","","","","","","","","","","","","","","","","","","","","","","","","","","","","","","","","","","","","","","","","","","","","","","","","","","",
"Middle income","MIC","Annualized average growth rate in per capita real survey mean consumption or income, bottom 40% of population (%)","SI.SPR.PC40.ZG","","","","","","","","","","","","","","","","","","","","","","","","","","","","","","","","","","","","","","","","","","","","","","","","","","","","","","","","","","",
"Macedonia, FYR","MKD","Annualized average growth rate in per capita real survey mean consumption or income, bottom 40% of population (%)","SI.SPR.PC40.ZG","","","","","","","","","","","","","","","","","","","","","","","","","","","","","","","","","","","","","","","","","","","","","","","","","","","","","","","6.2","","","",
"Mali","MLI","Annualized average growth rate in per capita real survey mean consumption or income, bottom 40% of population (%)","SI.SPR.PC40.ZG","","","","","","","","","","","","","","","","","","","","","","","","","","","","","","","","","","","","","","","","","","","","","","","","","","","","","","","","","","",
"Malta","MLT","Annualized average growth rate in per capita real survey mean consumption or income, bottom 40% of population (%)","SI.SPR.PC40.ZG","","","","","","","","","","","","","","","","","","","","","","","","","","","","","","","","","","","","","","","","","","","","","","","","","","","","","","","4.52","","","",
"Myanmar","MMR","Annualized average growth rate in per capita real survey mean consumption or income, bottom 40% of population (%)","SI.SPR.PC40.ZG","","","","","","","","","","","","","","","","","","","","","","","","","","","","","","","","","","","","","","","","","","","","","","","","","","","","","","","","","","",
"Middle East & North Africa (excluding high income)","MNA","Annualized average growth rate in per capita real survey mean consumption or income, bottom 40% of population (%)","SI.SPR.PC40.ZG","","","","","","","","","","","","","","","","","","","","","","","","","","","","","","","","","","","","","","","","","","","","","","","","","","","","","","","","","","",
"Montenegro","MNE","Annualized average growth rate in per capita real survey mean consumption or income, bottom 40% of population (%)","SI.SPR.PC40.ZG","","","","","","","","","","","","","","","","","","","","","","","","","","","","","","","","","","","","","","","","","","","","","","","","","","","","","","","-2.73","","","",
"Mongolia","MNG","Annualized average growth rate in per capita real survey mean consumption or income, bottom 40% of population (%)","SI.SPR.PC40.ZG","","","","","","","","","","","","","","","","","","","","","","","","","","","","","","","","","","","","","","","","","","","","","","","","","","","","","","","","","0.69","",
"Northern Mariana Islands","MNP","Annualized average growth rate in per capita real survey mean consumption or income, bottom 40% of population (%)","SI.SPR.PC40.ZG","","","","","","","","","","","","","","","","","","","","","","","","","","","","","","","","","","","","","","","","","","","","","","","","","","","","","","","","","","",
"Mozambique","MOZ","Annualized average growth rate in per capita real survey mean consumption or income, bottom 40% of population (%)","SI.SPR.PC40.ZG","","","","","","","","","","","","","","","","","","","","","","","","","","","","","","","","","","","","","","","","","","","","","","","","","","","","","","","1.56","","","",
"Mauritania","MRT","Annualized average growth rate in per capita real survey mean consumption or income, bottom 40% of population (%)","SI.SPR.PC40.ZG","","","","","","","","","","","","","","","","","","","","","","","","","","","","","","","","","","","","","","","","","","","","","","","","","","","","","","","3.17","","","",
"Mauritius","MUS","Annualized average growth rate in per capita real survey mean consumption or income, bottom 40% of population (%)","SI.SPR.PC40.ZG","","","","","","","","","","","","","","","","","","","","","","","","","","","","","","","","","","","","","","","","","","","","","","","","","","","","","","","","","","",
"Malawi","MWI","Annualized average growth rate in per capita real survey mean consumption or income, bottom 40% of population (%)","SI.SPR.PC40.ZG","","","","","","","","","","","","","","","","","","","","","","","","","","","","","","","","","","","","","","","","","","","","","","","","","","","","","","","","","","",
"Malaysia","MYS","Annualized average growth rate in per capita real survey mean consumption or income, bottom 40% of population (%)","SI.SPR.PC40.ZG","","","","","","","","","","","","","","","","","","","","","","","","","","","","","","","","","","","","","","","","","","","","","","","","","","","","","","","","","","",
"North America","NAC","Annualized average growth rate in per capita real survey mean consumption or income, bottom 40% of population (%)","SI.SPR.PC40.ZG","","","","","","","","","","","","","","","","","","","","","","","","","","","","","","","","","","","","","","","","","","","","","","","","","","","","","","","","","","",
"Namibia","NAM","Annualized average growth rate in per capita real survey mean consumption or income, bottom 40% of population (%)","SI.SPR.PC40.ZG","","","","","","","","","","","","","","","","","","","","","","","","","","","","","","","","","","","","","","","","","","","","","","","","","","","","","","","","","","",
"New Caledonia","NCL","Annualized average growth rate in per capita real survey mean consumption or income, bottom 40% of population (%)","SI.SPR.PC40.ZG","","","","","","","","","","","","","","","","","","","","","","","","","","","","","","","","","","","","","","","","","","","","","","","","","","","","","","","","","","",
"Niger","NER","Annualized average growth rate in per capita real survey mean consumption or income, bottom 40% of population (%)","SI.SPR.PC40.ZG","","","","","","","","","","","","","","","","","","","","","","","","","","","","","","","","","","","","","","","","","","","","","","","","","","","","","","","","","","",
"Nigeria","NGA","Annualized average growth rate in per capita real survey mean consumption or income, bottom 40% of population (%)","SI.SPR.PC40.ZG","","","","","","","","","","","","","","","","","","","","","","","","","","","","","","","","","","","","","","","","","","","","","","","","","","","","","","","","","","",
"Nicaragua","NIC","Annualized average growth rate in per capita real survey mean consumption or income, bottom 40% of population (%)","SI.SPR.PC40.ZG","","","","","","","","","","","","","","","","","","","","","","","","","","","","","","","","","","","","","","","","","","","","","","","","","","","","","","","5.64","","","",
"Netherlands","NLD","Annualized average growth rate in per capita real survey mean consumption or income, bottom 40% of population (%)","SI.SPR.PC40.ZG","","","","","","","","","","","","","","","","","","","","","","","","","","","","","","","","","","","","","","","","","","","","","","","","","","","","","","","","0.67","","",
"Norway","NOR","Annualized average growth rate in per capita real survey mean consumption or income, bottom 40% of population (%)","SI.SPR.PC40.ZG","","","","","","","","","","","","","","","","","","","","","","","","","","","","","","","","","","","","","","","","","","","","","","","","","","","","","","","","2.11","","",
"Nepal","NPL","Annualized average growth rate in per capita real survey mean consumption or income, bottom 40% of population (%)","SI.SPR.PC40.ZG","","","","","","","","","","","","","","","","","","","","","","","","","","","","","","","","","","","","","","","","","","","","","","","","","","","","","","","","","","",
"Nauru","NRU","Annualized average growth rate in per capita real survey mean consumption or income, bottom 40% of population (%)","SI.SPR.PC40.ZG","","","","","","","","","","","","","","","","","","","","","","","","","","","","","","","","","","","","","","","","","","","","","","","","","","","","","","","","","","",
"New Zealand","NZL","Annualized average growth rate in per capita real survey mean consumption or income, bottom 40% of population (%)","SI.SPR.PC40.ZG","","","","","","","","","","","","","","","","","","","","","","","","","","","","","","","","","","","","","","","","","","","","","","","","","","","","","","","","","","",
"OECD members","OED","Annualized average growth rate in per capita real survey mean consumption or income, bottom 40% of population (%)","SI.SPR.PC40.ZG","","","","","","","","","","","","","","","","","","","","","","","","","","","","","","","","","","","","","","","","","","","","","","","","","","","","","","","","","","",
"Oman","OMN","Annualized average growth rate in per capita real survey mean consumption or income, bottom 40% of population (%)","SI.SPR.PC40.ZG","","","","","","","","","","","","","","","","","","","","","","","","","","","","","","","","","","","","","","","","","","","","","","","","","","","","","","","","","","",
"Other small states","OSS","Annualized average growth rate in per capita real survey mean consumption or income, bottom 40% of population (%)","SI.SPR.PC40.ZG","","","","","","","","","","","","","","","","","","","","","","","","","","","","","","","","","","","","","","","","","","","","","","","","","","","","","","","","","","",
"Pakistan","PAK","Annualized average growth rate in per capita real survey mean consumption or income, bottom 40% of population (%)","SI.SPR.PC40.ZG","","","","","","","","","","","","","","","","","","","","","","","","","","","","","","","","","","","","","","","","","","","","","","","","","","","","","","2.82","","","","",
"Panama","PAN","Annualized average growth rate in per capita real survey mean consumption or income, bottom 40% of population (%)","SI.SPR.PC40.ZG","","","","","","","","","","","","","","","","","","","","","","","","","","","","","","","","","","","","","","","","","","","","","","","","","","","","","","","","","4","",
"Peru","PER","Annualized average growth rate in per capita real survey mean consumption or income, bottom 40% of population (%)","SI.SPR.PC40.ZG","","","","","","","","","","","","","","","","","","","","","","","","","","","","","","","","","","","","","","","","","","","","","","","","","","","","","","","","","3.08","",
"Philippines","PHL","Annualized average growth rate in per capita real survey mean consumption or income, bottom 40% of population (%)","SI.SPR.PC40.ZG","","","","","","","","","","","","","","","","","","","","","","","","","","","","","","","","","","","","","","","","","","","","","","","","","","","","","","","","2.43","","",
"Palau","PLW","Annualized average growth rate in per capita real survey mean consumption or income, bottom 40% of population (%)","SI.SPR.PC40.ZG","","","","","","","","","","","","","","","","","","","","","","","","","","","","","","","","","","","","","","","","","","","","","","","","","","","","","","","","","","",
"Papua New Guinea","PNG","Annualized average growth rate in per capita real survey mean consumption or income, bottom 40% of population (%)","SI.SPR.PC40.ZG","","","","","","","","","","","","","","","","","","","","","","","","","","","","","","","","","","","","","","","","","","","","","","","","","","","","","","","","","","",
"Poland","POL","Annualized average growth rate in per capita real survey mean consumption or income, bottom 40% of population (%)","SI.SPR.PC40.ZG","","","","","","","","","","","","","","","","","","","","","","","","","","","","","","","","","","","","","","","","","","","","","","","","","","","","","","","","2.52","","",
"Pre-demographic dividend","PRE","Annualized average growth rate in per capita real survey mean consumption or income, bottom 40% of population (%)","SI.SPR.PC40.ZG","","","","","","","","","","","","","","","","","","","","","","","","","","","","","","","","","","","","","","","","","","","","","","","","","","","","","","","","","","",
"Puerto Rico","PRI","Annualized average growth rate in per capita real survey mean consumption or income, bottom 40% of population (%)","SI.SPR.PC40.ZG","","","","","","","","","","","","","","","","","","","","","","","","","","","","","","","","","","","","","","","","","","","","","","","","","","","","","","","","","","",
"Korea, Dem. People’s Rep.","PRK","Annualized average growth rate in per capita real survey mean consumption or income, bottom 40% of population (%)","SI.SPR.PC40.ZG","","","","","","","","","","","","","","","","","","","","","","","","","","","","","","","","","","","","","","","","","","","","","","","","","","","","","","","","","","",
"Portugal","PRT","Annualized average growth rate in per capita real survey mean consumption or income, bottom 40% of population (%)","SI.SPR.PC40.ZG","","","","","","","","","","","","","","","","","","","","","","","","","","","","","","","","","","","","","","","","","","","","","","","","","","","","","","","","-0.87","","",
"Paraguay","PRY","Annualized average growth rate in per capita real survey mean consumption or income, bottom 40% of population (%)","SI.SPR.PC40.ZG","","","","","","","","","","","","","","","","","","","","","","","","","","","","","","","","","","","","","","","","","","","","","","","","","","","","","","","","","4.9","",
"West Bank and Gaza","PSE","Annualized average growth rate in per capita real survey mean consumption or income, bottom 40% of population (%)","SI.SPR.PC40.ZG","","","","","","","","","","","","","","","","","","","","","","","","","","","","","","","","","","","","","","","","","","","","","","","","","","","","0.21","","","","","","",
"Pacific island small states","PSS","Annualized average growth rate in per capita real survey mean consumption or income, bottom 40% of population (%)","SI.SPR.PC40.ZG","","","","","","","","","","","","","","","","","","","","","","","","","","","","","","","","","","","","","","","","","","","","","","","","","","","","","","","","","","",
"Post-demographic dividend","PST","Annualized average growth rate in per capita real survey mean consumption or income, bottom 40% of population (%)","SI.SPR.PC40.ZG","","","","","","","","","","","","","","","","","","","","","","","","","","","","","","","","","","","","","","","","","","","","","","","","","","","","","","","","","","",
"French Polynesia","PYF","Annualized average growth rate in per capita real survey mean consumption or income, bottom 40% of population (%)","SI.SPR.PC40.ZG","","","","","","","","","","","","","","","","","","","","","","","","","","","","","","","","","","","","","","","","","","","","","","","","","","","","","","","","","","",
"Qatar","QAT","Annualized average growth rate in per capita real survey mean consumption or income, bottom 40% of population (%)","SI.SPR.PC40.ZG","","","","","","","","","","","","","","","","","","","","","","","","","","","","","","","","","","","","","","","","","","","","","","","","","","","","","","","","","","",
"Romania","ROU","Annualized average growth rate in per capita real survey mean consumption or income, bottom 40% of population (%)","SI.SPR.PC40.ZG","","","","","","","","","","","","","","","","","","","","","","","","","","","","","","","","","","","","","","","","","","","","","","","","","","","","","","","","0.06","","",
"Russian Federation","RUS","Annualized average growth rate in per capita real survey mean consumption or income, bottom 40% of population (%)","SI.SPR.PC40.ZG","","","","","","","","","","","","","","","","","","","","","","","","","","","","","","","","","","","","","","","","","","","","","","","","","","","","","","","","1.62","","",
"Rwanda","RWA","Annualized average growth rate in per capita real survey mean consumption or income, bottom 40% of population (%)","SI.SPR.PC40.ZG","","","","","","","","","","","","","","","","","","","","","","","","","","","","","","","","","","","","","","","","","","","","","","","","","","","","","","0.68","","","","",
"South Asia","SAS","Annualized average growth rate in per capita real survey mean consumption or income, bottom 40% of population (%)","SI.SPR.PC40.ZG","","","","","","","","","","","","","","","","","","","","","","","","","","","","","","","","","","","","","","","","","","","","","","","","","","","","","","","","","","",
"Saudi Arabia","SAU","Annualized average growth rate in per capita real survey mean consumption or income, bottom 40% of population (%)","SI.SPR.PC40.ZG","","","","","","","","","","","","","","","","","","","","","","","","","","","","","","","","","","","","","","","","","","","","","","","","","","","","","","","","","","",
"Sudan","SDN","Annualized average growth rate in per capita real survey mean consumption or income, bottom 40% of population (%)","SI.SPR.PC40.ZG","","","","","","","","","","","","","","","","","","","","","","","","","","","","","","","","","","","","","","","","","","","","","","","","","","","","","","","","","","",
"Senegal","SEN","Annualized average growth rate in per capita real survey mean consumption or income, bottom 40% of population (%)","SI.SPR.PC40.ZG","","","","","","","","","","","","","","","","","","","","","","","","","","","","","","","","","","","","","","","","","","","","","","","","","","","","","","","","","","",
"Singapore","SGP","Annualized average growth rate in per capita real survey mean consumption or income, bottom 40% of population (%)","SI.SPR.PC40.ZG","","","","","","","","","","","","","","","","","","","","","","","","","","","","","","","","","","","","","","","","","","","","","","","","","","","","","","","","","","",
"Solomon Islands","SLB","Annualized average growth rate in per capita real survey mean consumption or income, bottom 40% of population (%)","SI.SPR.PC40.ZG","","","","","","","","","","","","","","","","","","","","","","","","","","","","","","","","","","","","","","","","","","","","","","","","","","","","","","","","","","",
"Sierra Leone","SLE","Annualized average growth rate in per capita real survey mean consumption or income, bottom 40% of population (%)","SI.SPR.PC40.ZG","","","","","","","","","","","","","","","","","","","","","","","","","","","","","","","","","","","","","","","","","","","","","","","","","","","","","","","","","","",
"El Salvador","SLV","Annualized average growth rate in per capita real survey mean consumption or income, bottom 40% of population (%)","SI.SPR.PC40.ZG","","","","","","","","","","","","","","","","","","","","","","","","","","","","","","","","","","","","","","","","","","","","","","","","","","","","","","","","","4.08","",
"San Marino","SMR","Annualized average growth rate in per capita real survey mean consumption or income, bottom 40% of population (%)","SI.SPR.PC40.ZG","","","","","","","","","","","","","","","","","","","","","","","","","","","","","","","","","","","","","","","","","","","","","","","","","","","","","","","","","","",
"Somalia","SOM","Annualized average growth rate in per capita real survey mean consumption or income, bottom 40% of population (%)","SI.SPR.PC40.ZG","","","","","","","","","","","","","","","","","","","","","","","","","","","","","","","","","","","","","","","","","","","","","","","","","","","","","","","","","","",
"Serbia","SRB","Annualized average growth rate in per capita real survey mean consumption or income, bottom 40% of population (%)","SI.SPR.PC40.ZG","","","","","","","","","","","","","","","","","","","","","","","","","","","","","","","","","","","","","","","","","","","","","","","","","","","","","","","","-1.7","","",
"Sub-Saharan Africa (excluding high income)","SSA","Annualized average growth rate in per capita real survey mean consumption or income, bottom 40% of population (%)","SI.SPR.PC40.ZG","","","","","","","","","","","","","","","","","","","","","","","","","","","","","","","","","","","","","","","","","","","","","","","","","","","","","","","","","","",
"South Sudan","SSD","Annualized average growth rate in per capita real survey mean consumption or income, bottom 40% of population (%)","SI.SPR.PC40.ZG","","","","","","","","","","","","","","","","","","","","","","","","","","","","","","","","","","","","","","","","","","","","","","","","","","","","","","","","","","",
"Sub-Saharan Africa","SSF","Annualized average growth rate in per capita real survey mean consumption or income, bottom 40% of population (%)","SI.SPR.PC40.ZG","","","","","","","","","","","","","","","","","","","","","","","","","","","","","","","","","","","","","","","","","","","","","","","","","","","","","","","","","","",
"Small states","SST","Annualized average growth rate in per capita real survey mean consumption or income, bottom 40% of population (%)","SI.SPR.PC40.ZG","","","","","","","","","","","","","","","","","","","","","","","","","","","","","","","","","","","","","","","","","","","","","","","","","","","","","","","","","","",
"Sao Tome and Principe","STP","Annualized average growth rate in per capita real survey mean consumption or income, bottom 40% of population (%)","SI.SPR.PC40.ZG","","","","","","","","","","","","","","","","","","","","","","","","","","","","","","","","","","","","","","","","","","","","","","","","","","","","","","","","","","",
"Suriname","SUR","Annualized average growth rate in per capita real survey mean consumption or income, bottom 40% of population (%)","SI.SPR.PC40.ZG","","","","","","","","","","","","","","","","","","","","","","","","","","","","","","","","","","","","","","","","","","","","","","","","","","","","","","","","","","",
"Slovak Republic","SVK","Annualized average growth rate in per capita real survey mean consumption or income, bottom 40% of population (%)","SI.SPR.PC40.ZG","","","","","","","","","","","","","","","","","","","","","","","","","","","","","","","","","","","","","","","","","","","","","","","","","","","","","","","","-0.62","","",
"Slovenia","SVN","Annualized average growth rate in per capita real survey mean consumption or income, bottom 40% of population (%)","SI.SPR.PC40.ZG","","","","","","","","","","","","","","","","","","","","","","","","","","","","","","","","","","","","","","","","","","","","","","","","","","","","","","","","-0.78","","",
"Sweden","SWE","Annualized average growth rate in per capita real survey mean consumption or income, bottom 40% of population (%)","SI.SPR.PC40.ZG","","","","","","","","","","","","","","","","","","","","","","","","","","","","","","","","","","","","","","","","","","","","","","","","","","","","","","","","0.62","","",
"Swaziland","SWZ","Annualized average growth rate in per capita real survey mean consumption or income, bottom 40% of population (%)","SI.SPR.PC40.ZG","","","","","","","","","","","","","","","","","","","","","","","","","","","","","","","","","","","","","","","","","","","","","","","","","","","","","","","","","","",
"Sint Maarten (Dutch part)","SXM","Annualized average growth rate in per capita real survey mean consumption or income, bottom 40% of population (%)","SI.SPR.PC40.ZG","","","","","","","","","","","","","","","","","","","","","","","","","","","","","","","","","","","","","","","","","","","","","","","","","","","","","","","","","","",
"Seychelles","SYC","Annualized average growth rate in per capita real survey mean consumption or income, bottom 40% of population (%)","SI.SPR.PC40.ZG","","","","","","","","","","","","","","","","","","","","","","","","","","","","","","","","","","","","","","","","","","","","","","","","","","","","","","","","","","",
"Syrian Arab Republic","SYR","Annualized average growth rate in per capita real survey mean consumption or income, bottom 40% of population (%)","SI.SPR.PC40.ZG","","","","","","","","","","","","","","","","","","","","","","","","","","","","","","","","","","","","","","","","","","","","","","","","","","","","","","","","","","",
"Turks and Caicos Islands","TCA","Annualized average growth rate in per capita real survey mean consumption or income, bottom 40% of population (%)","SI.SPR.PC40.ZG","","","","","","","","","","","","","","","","","","","","","","","","","","","","","","","","","","","","","","","","","","","","","","","","","","","","","","","","","","",
"Chad","TCD","Annualized average growth rate in per capita real survey mean consumption or income, bottom 40% of population (%)","SI.SPR.PC40.ZG","","","","","","","","","","","","","","","","","","","","","","","","","","","","","","","","","","","","","","","","","","","","","","","","","","","","","","","","","","",
"East Asia & Pacific (IDA & IBRD countries)","TEA","Annualized average growth rate in per capita real survey mean consumption or income, bottom 40% of population (%)","SI.SPR.PC40.ZG","","","","","","","","","","","","","","","","","","","","","","","","","","","","","","","","","","","","","","","","","","","","","","","","","","","","","","","","","","",
"Europe & Central Asia (IDA & IBRD countries)","TEC","Annualized average growth rate in per capita real survey mean consumption or income, bottom 40% of population (%)","SI.SPR.PC40.ZG","","","","","","","","","","","","","","","","","","","","","","","","","","","","","","","","","","","","","","","","","","","","","","","","","","","","","","","","","","",
"Togo","TGO","Annualized average growth rate in per capita real survey mean consumption or income, bottom 40% of population (%)","SI.SPR.PC40.ZG","","","","","","","","","","","","","","","","","","","","","","","","","","","","","","","","","","","","","","","","","","","","","","","","","","","","","","","","2.76","","",
"Thailand","THA","Annualized average growth rate in per capita real survey mean consumption or income, bottom 40% of population (%)","SI.SPR.PC40.ZG","","","","","","","","","","","","","","","","","","","","","","","","","","","","","","","","","","","","","","","","","","","","","","","","","","","","","","4.81","","","","",
"Tajikistan","TJK","Annualized average growth rate in per capita real survey mean consumption or income, bottom 40% of population (%)","SI.SPR.PC40.ZG","","","","","","","","","","","","","","","","","","","","","","","","","","","","","","","","","","","","","","","","","","","","","","","","","","","","","","","","2.3","","",
"Turkmenistan","TKM","Annualized average growth rate in per capita real survey mean consumption or income, bottom 40% of population (%)","SI.SPR.PC40.ZG","","","","","","","","","","","","","","","","","","","","","","","","","","","","","","","","","","","","","","","","","","","","","","","","","","","","","","","","","","",
"Latin America & the Caribbean (IDA & IBRD countries)","TLA","Annualized average growth rate in per capita real survey mean consumption or income, bottom 40% of population (%)","SI.SPR.PC40.ZG","","","","","","","","","","","","","","","","","","","","","","","","","","","","","","","","","","","","","","","","","","","","","","","","","","","","","","","","","","",
"Timor-Leste","TLS","Annualized average growth rate in per capita real survey mean consumption or income, bottom 40% of population (%)","SI.SPR.PC40.ZG","","","","","","","","","","","","","","","","","","","","","","","","","","","","","","","","","","","","","","","","","","","","","","","","","","","","","","","","","","",
"Middle East & North Africa (IDA & IBRD countries)","TMN","Annualized average growth rate in per capita real survey mean consumption or income, bottom 40% of population (%)","SI.SPR.PC40.ZG","","","","","","","","","","","","","","","","","","","","","","","","","","","","","","","","","","","","","","","","","","","","","","","","","","","","","","","","","","",
"Tonga","TON","Annualized average growth rate in per capita real survey mean consumption or income, bottom 40% of population (%)","SI.SPR.PC40.ZG","","","","","","","","","","","","","","","","","","","","","","","","","","","","","","","","","","","","","","","","","","","","","","","","","","","","","","","","","","",
"South Asia (IDA & IBRD)","TSA","Annualized average growth rate in per capita real survey mean consumption or income, bottom 40% of population (%)","SI.SPR.PC40.ZG","","","","","","","","","","","","","","","","","","","","","","","","","","","","","","","","","","","","","","","","","","","","","","","","","","","","","","","","","","",
"Sub-Saharan Africa (IDA & IBRD countries)","TSS","Annualized average growth rate in per capita real survey mean consumption or income, bottom 40% of population (%)","SI.SPR.PC40.ZG","","","","","","","","","","","","","","","","","","","","","","","","","","","","","","","","","","","","","","","","","","","","","","","","","","","","","","","","","","",
"Trinidad and Tobago","TTO","Annualized average growth rate in per capita real survey mean consumption or income, bottom 40% of population (%)","SI.SPR.PC40.ZG","","","","","","","","","","","","","","","","","","","","","","","","","","","","","","","","","","","","","","","","","","","","","","","","","","","","","","","","","","",
"Tunisia","TUN","Annualized average growth rate in per capita real survey mean consumption or income, bottom 40% of population (%)","SI.SPR.PC40.ZG","","","","","","","","","","","","","","","","","","","","","","","","","","","","","","","","","","","","","","","","","","","","","","","","","","","","","","","","","","",
"Turkey","TUR","Annualized average growth rate in per capita real survey mean consumption or income, bottom 40% of population (%)","SI.SPR.PC40.ZG","","","","","","","","","","","","","","","","","","","","","","","","","","","","","","","","","","","","","","","","","","","","","","","","","","","","","","","","","2.53","",
"Tuvalu","TUV","Annualized average growth rate in per capita real survey mean consumption or income, bottom 40% of population (%)","SI.SPR.PC40.ZG","","","","","","","","","","","","","","","","","","","","","","","","","","","","","","","","","","","","","","","","","","","","","","","","","","","","","","","","","","",
"Tanzania","TZA","Annualized average growth rate in per capita real survey mean consumption or income, bottom 40% of population (%)","SI.SPR.PC40.ZG","","","","","","","","","","","","","","","","","","","","","","","","","","","","","","","","","","","","","","","","","","","","","","","","","","","","","","","","","","",
"Uganda","UGA","Annualized average growth rate in per capita real survey mean consumption or income, bottom 40% of population (%)","SI.SPR.PC40.ZG","","","","","","","","","","","","","","","","","","","","","","","","","","","","","","","","","","","","","","","","","","","","","","","","","","","","","4.09","","","","","",
"Ukraine","UKR","Annualized average growth rate in per capita real survey mean consumption or income, bottom 40% of population (%)","SI.SPR.PC40.ZG","","","","","","","","","","","","","","","","","","","","","","","","","","","","","","","","","","","","","","","","","","","","","","","","","","","","","","","","","-0.85","",
"Upper middle income","UMC","Annualized average growth rate in per capita real survey mean consumption or income, bottom 40% of population (%)","SI.SPR.PC40.ZG","","","","","","","","","","","","","","","","","","","","","","","","","","","","","","","","","","","","","","","","","","","","","","","","","","","","","","","","","","",
"Uruguay","URY","Annualized average growth rate in per capita real survey mean consumption or income, bottom 40% of population (%)","SI.SPR.PC40.ZG","","","","","","","","","","","","","","","","","","","","","","","","","","","","","","","","","","","","","","","","","","","","","","","","","","","","","","","","","3.18","",
"United States","USA","Annualized average growth rate in per capita real survey mean consumption or income, bottom 40% of population (%)","SI.SPR.PC40.ZG","","","","","","","","","","","","","","","","","","","","","","","","","","","","","","","","","","","","","","","","","","","","","","","","","","","","","","","","","1.33","",
"Uzbekistan","UZB","Annualized average growth rate in per capita real survey mean consumption or income, bottom 40% of population (%)","SI.SPR.PC40.ZG","","","","","","","","","","","","","","","","","","","","","","","","","","","","","","","","","","","","","","","","","","","","","","","","","","","","","","","","","","",
"St. Vincent and the Grenadines","VCT","Annualized average growth rate in per capita real survey mean consumption or income, bottom 40% of population (%)","SI.SPR.PC40.ZG","","","","","","","","","","","","","","","","","","","","","","","","","","","","","","","","","","","","","","","","","","","","","","","","","","","","","","","","","","",
"Venezuela, RB","VEN","Annualized average growth rate in per capita real survey mean consumption or income, bottom 40% of population (%)","SI.SPR.PC40.ZG","","","","","","","","","","","","","","","","","","","","","","","","","","","","","","","","","","","","","","","","","","","","","","","","","","","","","","","","","","",
"British Virgin Islands","VGB","Annualized average growth rate in per capita real survey mean consumption or income, bottom 40% of population (%)","SI.SPR.PC40.ZG","","","","","","","","","","","","","","","","","","","","","","","","","","","","","","","","","","","","","","","","","","","","","","","","","","","","","","","","","","",
"Virgin Islands (U.S.)","VIR","Annualized average growth rate in per capita real survey mean consumption or income, bottom 40% of population (%)","SI.SPR.PC40.ZG","","","","","","","","","","","","","","","","","","","","","","","","","","","","","","","","","","","","","","","","","","","","","","","","","","","","","","","","","","",
"Vietnam","VNM","Annualized average growth rate in per capita real survey mean consumption or income, bottom 40% of population (%)","SI.SPR.PC40.ZG","","","","","","","","","","","","","","","","","","","","","","","","","","","","","","","","","","","","","","","","","","","","","","","","","","","","","","","4.82","","","",
"Vanuatu","VUT","Annualized average growth rate in per capita real survey mean consumption or income, bottom 40% of population (%)","SI.SPR.PC40.ZG","","","","","","","","","","","","","","","","","","","","","","","","","","","","","","","","","","","","","","","","","","","","","","","","","","","","","","","","","","",
"World","WLD","Annualized average growth rate in per capita real survey mean consumption or income, bottom 40% of population (%)","SI.SPR.PC40.ZG","","","","","","","","","","","","","","","","","","","","","","","","","","","","","","","","","","","","","","","","","","","","","","","","","","","","","","","","","","",
"Samoa","WSM","Annualized average growth rate in per capita real survey mean consumption or income, bottom 40% of population (%)","SI.SPR.PC40.ZG","","","","","","","","","","","","","","","","","","","","","","","","","","","","","","","","","","","","","","","","","","","","","","","","","","","","","","","","","","",
"Kosovo","XKX","Annualized average growth rate in per capita real survey mean consumption or income, bottom 40% of population (%)","SI.SPR.PC40.ZG","","","","","","","","","","","","","","","","","","","","","","","","","","","","","","","","","","","","","","","","","","","","","","","","","","","","","","","","3.5","","",
"Yemen, Rep.","YEM","Annualized average growth rate in per capita real survey mean consumption or income, bottom 40% of population (%)","SI.SPR.PC40.ZG","","","","","","","","","","","","","","","","","","","","","","","","","","","","","","","","","","","","","","","","","","","","","","","","","","","","","","","","","","",
"South Africa","ZAF","Annualized average growth rate in per capita real survey mean consumption or income, bottom 40% of population (%)","SI.SPR.PC40.ZG","","","","","","","","","","","","","","","","","","","","","","","","","","","","","","","","","","","","","","","","","","","","","","","","","","","","","","","-1.55","","","",
"Zambia","ZMB","Annualized average growth rate in per capita real survey mean consumption or income, bottom 40% of population (%)","SI.SPR.PC40.ZG","","","","","","","","","","","","","","","","","","","","","","","","","","","","","","","","","","","","","","","","","","","","","","","","","","","","","","","","-0.59","","",
"Zimbabwe","ZWE","Annualized average growth rate in per capita real survey mean consumption or income, bottom 40% of population (%)","SI.SPR.PC40.ZG","","","","","","","","","","","","","","","","","","","","","","","","","","","","","","","","","","","","","","","","","","","","","","","","","","","","","","","","","","",
